{"cameraMode":{"drawMode":0,"name":"Shaded","section":"Shading Mode"},"sceneLighting":true,"audioPlay":false,"sceneViewState":{"m_AlwaysRefresh":false,"showFog":true,"showSkybox":true,"showFlares":true,"showImageEffects":true,"showParticleSystems":true,"showVisualEffectGraphs":true,"m_FxEnabled":true},"in2DMode":false,"pivot":{"x":327.22833251953127,"y":188.18377685546876,"z":-0.7615966796875},"rotation":{"x":0.014996943064033986,"y":0.017996907234191896,"z":-0.00027003922150470316,"w":0.999721884727478},"size":337.5201110839844,"orthographic":false}